{"DEST_COUNTRY_NAME":"United States","ORIGIN_COUNTRY_NAME":"Romania","count":15}
{"DEST_COUNTRY_NAME":"United States","ORIGIN_COUNTRY_NAME":"Croatia","count":1}
{"DEST_COUNTRY_NAME":"United States","ORIGIN_COUNTRY_NAME":"Ireland","count":344}
{"DEST_COUNTRY_NAME":"United States","ORIGIN_COUNTRY_NAME":"India","count":62}
{"DEST_COUNTRY_NAME":"United States","ORIGIN_COUNTRY_NAME":"Singapore","count":1}
{"DEST_COUNTRY_NAME":"United States","ORIGIN_COUNTRY_NAME":"Grenada","count":62}
{"DEST_COUNTRY_NAME":"United States","ORIGIN_COUNTRY_NAME":"Sint Maarten","count":325}
{"DEST_COUNTRY_NAME":"United States","ORIGIN_COUNTRY_NAME":"Marshall Islands","count":39}
{"DEST_COUNTRY_NAME":"United States","ORIGIN_COUNTRY_NAME":"Paraguay","count":6}
{"DEST_COUNTRY_NAME":"United States","ORIGIN_COUNTRY_NAME":"Gibraltar","count":1}
{"DEST_COUNTRY_NAME":"United States","ORIGIN_COUNTRY_NAME":"Federated States of Micronesia","count":69}
{"DEST_COUNTRY_NAME":"United States","ORIGIN_COUNTRY_NAME":"Russia","count":161}
{"DEST_COUNTRY_NAME":"United States","ORIGIN_COUNTRY_NAME":"Netherlands","count":660}
{"DEST_COUNTRY_NAME":"United States","ORIGIN_COUNTRY_NAME":"Senegal","count":42}
{"DEST_COUNTRY_NAME":"United States","ORIGIN_COUNTRY_NAME":"Angola","count":13}
{"DEST_COUNTRY_NAME":"United States","ORIGIN_COUNTRY_NAME":"Anguilla","count":38}
{"DEST_COUNTRY_NAME":"United States","ORIGIN_COUNTRY_NAME":"Ecuador","count":300}
{"DEST_COUNTRY_NAME":"United States","ORIGIN_COUNTRY_NAME":"Cyprus","count":1}
{"DEST_COUNTRY_NAME":"United States","ORIGIN_COUNTRY_NAME":"Portugal","count":134}
{"DEST_COUNTRY_NAME":"United States","ORIGIN_COUNTRY_NAME":"Costa Rica","count":608}
{"DEST_COUNTRY_NAME":"United States","ORIGIN_COUNTRY_NAME":"Guatemala","count":318}
{"DEST_COUNTRY_NAME":"United States","ORIGIN_COUNTRY_NAME":"Suriname","count":34}
{"DEST_COUNTRY_NAME":"United States","ORIGIN_COUNTRY_NAME":"Cape Verde","count":14}
{"DEST_COUNTRY_NAME":"United States","ORIGIN_COUNTRY_NAME":"Jamaica","count":712}
{"DEST_COUNTRY_NAME":"United States","ORIGIN_COUNTRY_NAME":"Malaysia","count":3}
{"DEST_COUNTRY_NAME":"United States","ORIGIN_COUNTRY_NAME":"Morocco","count":19}
{"DEST_COUNTRY_NAME":"United States","ORIGIN_COUNTRY_NAME":"Samoa","count":25}
{"DEST_COUNTRY_NAME":"United States","ORIGIN_COUNTRY_NAME":"Palau","count":31}
{"DEST_COUNTRY_NAME":"United States","ORIGIN_COUNTRY_NAME":"Venezuela","count":246}
{"DEST_COUNTRY_NAME":"United States","ORIGIN_COUNTRY_NAME":"Chile","count":185}
{"DEST_COUNTRY_NAME":"United States","ORIGIN_COUNTRY_NAME":"Finland","count":28}
{"DEST_COUNTRY_NAME":"United States","ORIGIN_COUNTRY_NAME":"Greece","count":23}
{"DEST_COUNTRY_NAME":"United States","ORIGIN_COUNTRY_NAME":"The Bahamas","count":986}
{"DEST_COUNTRY_NAME":"United States","ORIGIN_COUNTRY_NAME":"Hong Kong","count":414}
{"DEST_COUNTRY_NAME":"United States","ORIGIN_COUNTRY_NAME":"China","count":920}
{"DEST_COUNTRY_NAME":"United States","ORIGIN_COUNTRY_NAME":"Vietnam","count":2}
{"DEST_COUNTRY_NAME":"United States","ORIGIN_COUNTRY_NAME":"Kuwait","count":28}
{"DEST_COUNTRY_NAME":"United States","ORIGIN_COUNTRY_NAME":"Dominican Republic","count":1420}
{"DEST_COUNTRY_NAME":"United States","ORIGIN_COUNTRY_NAME":"Egypt","count":12}
{"DEST_COUNTRY_NAME":"United States","ORIGIN_COUNTRY_NAME":"United States","count":370002}
{"DEST_COUNTRY_NAME":"United States","ORIGIN_COUNTRY_NAME":"Luxembourg","count":134}
{"DEST_COUNTRY_NAME":"United States","ORIGIN_COUNTRY_NAME":"Poland","count":33}
{"DEST_COUNTRY_NAME":"United States","ORIGIN_COUNTRY_NAME":"Saint Barthelemy","count":41}
{"DEST_COUNTRY_NAME":"United States","ORIGIN_COUNTRY_NAME":"Turkey","count":129}
{"DEST_COUNTRY_NAME":"United States","ORIGIN_COUNTRY_NAME":"Azerbaijan","count":21}
{"DEST_COUNTRY_NAME":"United States","ORIGIN_COUNTRY_NAME":"Estonia","count":1}
{"DEST_COUNTRY_NAME":"United States","ORIGIN_COUNTRY_NAME":"South Korea","count":827}
{"DEST_COUNTRY_NAME":"United States","ORIGIN_COUNTRY_NAME":"El Salvador","count":508}
{"DEST_COUNTRY_NAME":"United States","ORIGIN_COUNTRY_NAME":"Hungary","count":3}
{"DEST_COUNTRY_NAME":"United States","ORIGIN_COUNTRY_NAME":"Ethiopia","count":12}
{"DEST_COUNTRY_NAME":"United States","ORIGIN_COUNTRY_NAME":"Panama","count":465}
{"DEST_COUNTRY_NAME":"United States","ORIGIN_COUNTRY_NAME":"Aruba","count":342}
{"DEST_COUNTRY_NAME":"United States","ORIGIN_COUNTRY_NAME":"Thailand","count":4}
{"DEST_COUNTRY_NAME":"United States","ORIGIN_COUNTRY_NAME":"Turks and Caicos Islands","count":236}
{"DEST_COUNTRY_NAME":"United States","ORIGIN_COUNTRY_NAME":"Pakistan","count":12}
{"DEST_COUNTRY_NAME":"United States","ORIGIN_COUNTRY_NAME":"Honduras","count":407}
{"DEST_COUNTRY_NAME":"United States","ORIGIN_COUNTRY_NAME":"Liberia","count":2}
{"DEST_COUNTRY_NAME":"United States","ORIGIN_COUNTRY_NAME":"Malta","count":2}
{"DEST_COUNTRY_NAME":"United States","ORIGIN_COUNTRY_NAME":"Lithuania","count":1}
{"DEST_COUNTRY_NAME":"United States","ORIGIN_COUNTRY_NAME":"Guadeloupe","count":59}
{"DEST_COUNTRY_NAME":"United States","ORIGIN_COUNTRY_NAME":"Ukraine","count":13}
{"DEST_COUNTRY_NAME":"United States","ORIGIN_COUNTRY_NAME":"France","count":952}
{"DEST_COUNTRY_NAME":"United States","ORIGIN_COUNTRY_NAME":"Norway","count":115}
{"DEST_COUNTRY_NAME":"United States","ORIGIN_COUNTRY_NAME":"Kiribati","count":35}
{"DEST_COUNTRY_NAME":"United States","ORIGIN_COUNTRY_NAME":"Germany","count":1336}
{"DEST_COUNTRY_NAME":"United States","ORIGIN_COUNTRY_NAME":"New Zealand","count":74}
{"DEST_COUNTRY_NAME":"United States","ORIGIN_COUNTRY_NAME":"Mexico","count":7187}
{"DEST_COUNTRY_NAME":"United States","ORIGIN_COUNTRY_NAME":"Sweden","count":119}
{"DEST_COUNTRY_NAME":"United States","ORIGIN_COUNTRY_NAME":"Martinique","count":43}
{"DEST_COUNTRY_NAME":"United States","ORIGIN_COUNTRY_NAME":"United Arab Emirates","count":313}
{"DEST_COUNTRY_NAME":"United States","ORIGIN_COUNTRY_NAME":"Bulgaria","count":1}
{"DEST_COUNTRY_NAME":"United States","ORIGIN_COUNTRY_NAME":"Nicaragua","count":201}
{"DEST_COUNTRY_NAME":"United States","ORIGIN_COUNTRY_NAME":"Philippines","count":126}
{"DEST_COUNTRY_NAME":"United States","ORIGIN_COUNTRY_NAME":"Georgia","count":1}
{"DEST_COUNTRY_NAME":"United States","ORIGIN_COUNTRY_NAME":"Belgium","count":228}
{"DEST_COUNTRY_NAME":"United States","ORIGIN_COUNTRY_NAME":"Iceland","count":202}
{"DEST_COUNTRY_NAME":"United States","ORIGIN_COUNTRY_NAME":"Argentina","count":141}
{"DEST_COUNTRY_NAME":"United States","ORIGIN_COUNTRY_NAME":"Nigeria","count":50}
{"DEST_COUNTRY_NAME":"United States","ORIGIN_COUNTRY_NAME":"Austria","count":63}
{"DEST_COUNTRY_NAME":"United States","ORIGIN_COUNTRY_NAME":"Bonaire, Sint Eustatius, and Saba","count":59}
{"DEST_COUNTRY_NAME":"United States","ORIGIN_COUNTRY_NAME":"Israel","count":127}
{"DEST_COUNTRY_NAME":"United States","ORIGIN_COUNTRY_NAME":"Saint Lucia","count":136}
{"DEST_COUNTRY_NAME":"United States","ORIGIN_COUNTRY_NAME":"Bahrain","count":1}
{"DEST_COUNTRY_NAME":"United States","ORIGIN_COUNTRY_NAME":"British Virgin Islands","count":80}
{"DEST_COUNTRY_NAME":"United States","ORIGIN_COUNTRY_NAME":"Denmark","count":152}
{"DEST_COUNTRY_NAME":"United States","ORIGIN_COUNTRY_NAME":"Guyana","count":63}
{"DEST_COUNTRY_NAME":"United States","ORIGIN_COUNTRY_NAME":"Papua New Guinea","count":1}
{"DEST_COUNTRY_NAME":"United States","ORIGIN_COUNTRY_NAME":"Saudi Arabia","count":70}
{"DEST_COUNTRY_NAME":"United States","ORIGIN_COUNTRY_NAME":"Curacao","count":83}
{"DEST_COUNTRY_NAME":"United States","ORIGIN_COUNTRY_NAME":"Taiwan","count":235}
{"DEST_COUNTRY_NAME":"United States","ORIGIN_COUNTRY_NAME":"South Africa","count":40}
{"DEST_COUNTRY_NAME":"United States","ORIGIN_COUNTRY_NAME":"Greenland","count":4}
{"DEST_COUNTRY_NAME":"United States","ORIGIN_COUNTRY_NAME":"Spain","count":442}
{"DEST_COUNTRY_NAME":"United States","ORIGIN_COUNTRY_NAME":"Italy","count":438}
{"DEST_COUNTRY_NAME":"United States","ORIGIN_COUNTRY_NAME":"Switzerland","count":305}
{"DEST_COUNTRY_NAME":"United States","ORIGIN_COUNTRY_NAME":"Japan","count":1496}
{"DEST_COUNTRY_NAME":"United States","ORIGIN_COUNTRY_NAME":"Brazil","count":619}
{"DEST_COUNTRY_NAME":"United States","ORIGIN_COUNTRY_NAME":"Peru","count":337}
{"DEST_COUNTRY_NAME":"United States","ORIGIN_COUNTRY_NAME":"Belize","count":193}
{"DEST_COUNTRY_NAME":"United States","ORIGIN_COUNTRY_NAME":"United Kingdom","count":1970}
{"DEST_COUNTRY_NAME":"United States","ORIGIN_COUNTRY_NAME":"Ghana","count":20}
{"DEST_COUNTRY_NAME":"United States","ORIGIN_COUNTRY_NAME":"Indonesia","count":2}
{"DEST_COUNTRY_NAME":"United States","ORIGIN_COUNTRY_NAME":"Fiji","count":25}
{"DEST_COUNTRY_NAME":"United States","ORIGIN_COUNTRY_NAME":"Canada","count":8483}
{"DEST_COUNTRY_NAME":"United States","ORIGIN_COUNTRY_NAME":"Antigua and Barbuda","count":117}
{"DEST_COUNTRY_NAME":"United States","ORIGIN_COUNTRY_NAME":"French Polynesia","count":40}
{"DEST_COUNTRY_NAME":"United States","ORIGIN_COUNTRY_NAME":"Latvia","count":15}
{"DEST_COUNTRY_NAME":"United States","ORIGIN_COUNTRY_NAME":"Dominica","count":27}
{"DEST_COUNTRY_NAME":"United States","ORIGIN_COUNTRY_NAME":"Czech Republic","count":12}
{"DEST_COUNTRY_NAME":"United States","ORIGIN_COUNTRY_NAME":"Australia","count":258}
{"DEST_COUNTRY_NAME":"United States","ORIGIN_COUNTRY_NAME":"Cook Islands","count":13}
{"DEST_COUNTRY_NAME":"United States","ORIGIN_COUNTRY_NAME":"Uruguay","count":13}
{"DEST_COUNTRY_NAME":"United States","ORIGIN_COUNTRY_NAME":"Bermuda","count":193}
{"DEST_COUNTRY_NAME":"United States","ORIGIN_COUNTRY_NAME":"Cuba","count":478}
{"DEST_COUNTRY_NAME":"United States","ORIGIN_COUNTRY_NAME":"Montenegro","count":1}
{"DEST_COUNTRY_NAME":"United States","ORIGIN_COUNTRY_NAME":"Colombia","count":867}
{"DEST_COUNTRY_NAME":"United States","ORIGIN_COUNTRY_NAME":"Barbados","count":130}
{"DEST_COUNTRY_NAME":"United States","ORIGIN_COUNTRY_NAME":"Qatar","count":109}
{"DEST_COUNTRY_NAME":"United States","ORIGIN_COUNTRY_NAME":"Cayman Islands","count":310}
{"DEST_COUNTRY_NAME":"United States","ORIGIN_COUNTRY_NAME":"Jordan","count":44}
{"DEST_COUNTRY_NAME":"United States","ORIGIN_COUNTRY_NAME":"Namibia","count":1}
{"DEST_COUNTRY_NAME":"United States","ORIGIN_COUNTRY_NAME":"Trinidad and Tobago","count":217}
{"DEST_COUNTRY_NAME":"United States","ORIGIN_COUNTRY_NAME":"Bolivia","count":13}
{"DEST_COUNTRY_NAME":"United States","ORIGIN_COUNTRY_NAME":"Saint Kitts and Nevis","count":145}
{"DEST_COUNTRY_NAME":"United States","ORIGIN_COUNTRY_NAME":"Haiti","count":225}
{"DEST_COUNTRY_NAME":"United States","ORIGIN_COUNTRY_NAME":"Romania","count":1}
{"DEST_COUNTRY_NAME":"United States","ORIGIN_COUNTRY_NAME":"Ireland","count":264}
{"DEST_COUNTRY_NAME":"United States","ORIGIN_COUNTRY_NAME":"India","count":69}
{"DEST_COUNTRY_NAME":"United States","ORIGIN_COUNTRY_NAME":"Singapore","count":25}
{"DEST_COUNTRY_NAME":"United States","ORIGIN_COUNTRY_NAME":"Grenada","count":54}
{"DEST_COUNTRY_NAME":"United States","ORIGIN_COUNTRY_NAME":"Marshall Islands","count":44}
{"DEST_COUNTRY_NAME":"United States","ORIGIN_COUNTRY_NAME":"Sint Maarten","count":53}
{"DEST_COUNTRY_NAME":"United States","ORIGIN_COUNTRY_NAME":"Afghanistan","count":2}
{"DEST_COUNTRY_NAME":"United States","ORIGIN_COUNTRY_NAME":"Russia","count":156}
{"DEST_COUNTRY_NAME":"United States","ORIGIN_COUNTRY_NAME":"Federated States of Micronesia","count":48}
{"DEST_COUNTRY_NAME":"United States","ORIGIN_COUNTRY_NAME":"Netherlands","count":570}
{"DEST_COUNTRY_NAME":"United States","ORIGIN_COUNTRY_NAME":"Senegal","count":46}
{"DEST_COUNTRY_NAME":"United States","ORIGIN_COUNTRY_NAME":"Angola","count":18}
{"DEST_COUNTRY_NAME":"United States","ORIGIN_COUNTRY_NAME":"Anguilla","count":20}
{"DEST_COUNTRY_NAME":"United States","ORIGIN_COUNTRY_NAME":"Ecuador","count":345}
{"DEST_COUNTRY_NAME":"United States","ORIGIN_COUNTRY_NAME":"Cyprus","count":1}
{"DEST_COUNTRY_NAME":"United States","ORIGIN_COUNTRY_NAME":"Bosnia and Herzegovina","count":1}
{"DEST_COUNTRY_NAME":"United States","ORIGIN_COUNTRY_NAME":"Portugal","count":104}
{"DEST_COUNTRY_NAME":"United States","ORIGIN_COUNTRY_NAME":"Costa Rica","count":501}
{"DEST_COUNTRY_NAME":"United States","ORIGIN_COUNTRY_NAME":"Guatemala","count":333}
{"DEST_COUNTRY_NAME":"United States","ORIGIN_COUNTRY_NAME":"Suriname","count":13}
{"DEST_COUNTRY_NAME":"United States","ORIGIN_COUNTRY_NAME":"Cape Verde","count":18}
{"DEST_COUNTRY_NAME":"United States","ORIGIN_COUNTRY_NAME":"Jamaica","count":757}
{"DEST_COUNTRY_NAME":"United States","ORIGIN_COUNTRY_NAME":"Malaysia","count":3}
{"DEST_COUNTRY_NAME":"United States","ORIGIN_COUNTRY_NAME":"Morocco","count":16}
{"DEST_COUNTRY_NAME":"United States","ORIGIN_COUNTRY_NAME":"Palau","count":30}
{"DEST_COUNTRY_NAME":"United States","ORIGIN_COUNTRY_NAME":"Samoa","count":28}
{"DEST_COUNTRY_NAME":"United States","ORIGIN_COUNTRY_NAME":"Algeria","count":1}
{"DEST_COUNTRY_NAME":"United States","ORIGIN_COUNTRY_NAME":"Venezuela","count":341}
{"DEST_COUNTRY_NAME":"United States","ORIGIN_COUNTRY_NAME":"Finland","count":20}
{"DEST_COUNTRY_NAME":"United States","ORIGIN_COUNTRY_NAME":"Chile","count":176}
{"DEST_COUNTRY_NAME":"United States","ORIGIN_COUNTRY_NAME":"Greece","count":61}
{"DEST_COUNTRY_NAME":"United States","ORIGIN_COUNTRY_NAME":"The Bahamas","count":959}
{"DEST_COUNTRY_NAME":"United States","ORIGIN_COUNTRY_NAME":"Hong Kong","count":293}
{"DEST_COUNTRY_NAME":"United States","ORIGIN_COUNTRY_NAME":"China","count":505}
{"DEST_COUNTRY_NAME":"United States","ORIGIN_COUNTRY_NAME":"Vietnam","count":1}
{"DEST_COUNTRY_NAME":"United States","ORIGIN_COUNTRY_NAME":"Kuwait","count":25}
{"DEST_COUNTRY_NAME":"United States","ORIGIN_COUNTRY_NAME":"Dominican Republic","count":1150}
{"DEST_COUNTRY_NAME":"United States","ORIGIN_COUNTRY_NAME":"Egypt","count":25}
{"DEST_COUNTRY_NAME":"United States","ORIGIN_COUNTRY_NAME":"United States","count":348113}
{"DEST_COUNTRY_NAME":"United States","ORIGIN_COUNTRY_NAME":"Luxembourg","count":90}
{"DEST_COUNTRY_NAME":"United States","ORIGIN_COUNTRY_NAME":"Poland","count":61}
{"DEST_COUNTRY_NAME":"United States","ORIGIN_COUNTRY_NAME":"Saint Barthelemy","count":29}
{"DEST_COUNTRY_NAME":"United States","ORIGIN_COUNTRY_NAME":"Turkey","count":87}
{"DEST_COUNTRY_NAME":"United States","ORIGIN_COUNTRY_NAME":"Estonia","count":1}
{"DEST_COUNTRY_NAME":"United States","ORIGIN_COUNTRY_NAME":"Azerbaijan","count":1}
{"DEST_COUNTRY_NAME":"United States","ORIGIN_COUNTRY_NAME":"South Korea","count":621}
{"DEST_COUNTRY_NAME":"United States","ORIGIN_COUNTRY_NAME":"El Salvador","count":464}
{"DEST_COUNTRY_NAME":"United States","ORIGIN_COUNTRY_NAME":"Hungary","count":15}
{"DEST_COUNTRY_NAME":"United States","ORIGIN_COUNTRY_NAME":"Serbia","count":1}
{"DEST_COUNTRY_NAME":"United States","ORIGIN_COUNTRY_NAME":"Panama","count":363}
{"DEST_COUNTRY_NAME":"United States","ORIGIN_COUNTRY_NAME":"Ethiopia","count":12}
{"DEST_COUNTRY_NAME":"United States","ORIGIN_COUNTRY_NAME":"Aruba","count":349}
{"DEST_COUNTRY_NAME":"United States","ORIGIN_COUNTRY_NAME":"Thailand","count":13}
{"DEST_COUNTRY_NAME":"United States","ORIGIN_COUNTRY_NAME":"Netherlands Antilles","count":289}
{"DEST_COUNTRY_NAME":"United States","ORIGIN_COUNTRY_NAME":"Turks and Caicos Islands","count":147}
{"DEST_COUNTRY_NAME":"United States","ORIGIN_COUNTRY_NAME":"Pakistan","count":15}
{"DEST_COUNTRY_NAME":"United States","ORIGIN_COUNTRY_NAME":"Honduras","count":393}
{"DEST_COUNTRY_NAME":"United States","ORIGIN_COUNTRY_NAME":"Liberia","count":1}
{"DEST_COUNTRY_NAME":"United States","ORIGIN_COUNTRY_NAME":"Malta","count":2}
{"DEST_COUNTRY_NAME":"United States","ORIGIN_COUNTRY_NAME":"Saint Vincent and the Grenadines","count":16}
{"DEST_COUNTRY_NAME":"United States","ORIGIN_COUNTRY_NAME":"Guadeloupe","count":33}
{"DEST_COUNTRY_NAME":"United States","ORIGIN_COUNTRY_NAME":"Ukraine","count":17}
{"DEST_COUNTRY_NAME":"United States","ORIGIN_COUNTRY_NAME":"France","count":776}
{"DEST_COUNTRY_NAME":"United States","ORIGIN_COUNTRY_NAME":"Norway","count":36}
{"DEST_COUNTRY_NAME":"United States","ORIGIN_COUNTRY_NAME":"Kiribati","count":18}
{"DEST_COUNTRY_NAME":"United States","ORIGIN_COUNTRY_NAME":"Germany","count":1406}
{"DEST_COUNTRY_NAME":"United States","ORIGIN_COUNTRY_NAME":"New Zealand","count":71}
{"DEST_COUNTRY_NAME":"United States","ORIGIN_COUNTRY_NAME":"Mexico","count":6220}
{"DEST_COUNTRY_NAME":"United States","ORIGIN_COUNTRY_NAME":"Sweden","count":73}
{"DEST_COUNTRY_NAME":"United States","ORIGIN_COUNTRY_NAME":"Gabon","count":1}
{"DEST_COUNTRY_NAME":"United States","ORIGIN_COUNTRY_NAME":"Martinique","count":20}
{"DEST_COUNTRY_NAME":"United States","ORIGIN_COUNTRY_NAME":"United Arab Emirates","count":156}
{"DEST_COUNTRY_NAME":"United States","ORIGIN_COUNTRY_NAME":"Bulgaria","count":2}
{"DEST_COUNTRY_NAME":"United States","ORIGIN_COUNTRY_NAME":"Philippines","count":116}
{"DEST_COUNTRY_NAME":"United States","ORIGIN_COUNTRY_NAME":"Nicaragua","count":181}
{"DEST_COUNTRY_NAME":"United States","ORIGIN_COUNTRY_NAME":"Belgium","count":355}
{"DEST_COUNTRY_NAME":"United States","ORIGIN_COUNTRY_NAME":"Iceland","count":129}
{"DEST_COUNTRY_NAME":"United States","ORIGIN_COUNTRY_NAME":"Argentina","count":159}
{"DEST_COUNTRY_NAME":"United States","ORIGIN_COUNTRY_NAME":"Austria","count":34}
{"DEST_COUNTRY_NAME":"United States","ORIGIN_COUNTRY_NAME":"Nigeria","count":18}
{"DEST_COUNTRY_NAME":"United States","ORIGIN_COUNTRY_NAME":"Bonaire, Sint Eustatius, and Saba","count":16}
{"DEST_COUNTRY_NAME":"United States","ORIGIN_COUNTRY_NAME":"Israel","count":122}
{"DEST_COUNTRY_NAME":"United States","ORIGIN_COUNTRY_NAME":"Bahrain","count":1}
{"DEST_COUNTRY_NAME":"United States","ORIGIN_COUNTRY_NAME":"Saint Lucia","count":121}
{"DEST_COUNTRY_NAME":"United States","ORIGIN_COUNTRY_NAME":"British Virgin Islands","count":47}
{"DEST_COUNTRY_NAME":"United States","ORIGIN_COUNTRY_NAME":"Guyana","count":20}
{"DEST_COUNTRY_NAME":"United States","ORIGIN_COUNTRY_NAME":"Denmark","count":107}
{"DEST_COUNTRY_NAME":"United States","ORIGIN_COUNTRY_NAME":"Papua New Guinea","count":1}
{"DEST_COUNTRY_NAME":"United States","ORIGIN_COUNTRY_NAME":"Saudi Arabia","count":54}
{"DEST_COUNTRY_NAME":"United States","ORIGIN_COUNTRY_NAME":"Curacao","count":14}
{"DEST_COUNTRY_NAME":"United States","ORIGIN_COUNTRY_NAME":"Taiwan","count":252}
{"DEST_COUNTRY_NAME":"United States","ORIGIN_COUNTRY_NAME":"South Africa","count":15}
{"DEST_COUNTRY_NAME":"United States","ORIGIN_COUNTRY_NAME":"Greenland","count":2}
{"DEST_COUNTRY_NAME":"United States","ORIGIN_COUNTRY_NAME":"Spain","count":442}
{"DEST_COUNTRY_NAME":"United States","ORIGIN_COUNTRY_NAME":"Italy","count":433}
{"DEST_COUNTRY_NAME":"United States","ORIGIN_COUNTRY_NAME":"Switzerland","count":334}
{"DEST_COUNTRY_NAME":"United States","ORIGIN_COUNTRY_NAME":"Japan","count":1307}
{"DEST_COUNTRY_NAME":"United States","ORIGIN_COUNTRY_NAME":"Brazil","count":578}
{"DEST_COUNTRY_NAME":"United States","ORIGIN_COUNTRY_NAME":"Peru","count":284}
{"DEST_COUNTRY_NAME":"United States","ORIGIN_COUNTRY_NAME":"United Kingdom","count":1503}
{"DEST_COUNTRY_NAME":"United States","ORIGIN_COUNTRY_NAME":"Belize","count":118}
{"DEST_COUNTRY_NAME":"United States","ORIGIN_COUNTRY_NAME":"Ghana","count":28}
{"DEST_COUNTRY_NAME":"United States","ORIGIN_COUNTRY_NAME":"Indonesia","count":1}
{"DEST_COUNTRY_NAME":"United States","ORIGIN_COUNTRY_NAME":"Fiji","count":51}
{"DEST_COUNTRY_NAME":"United States","ORIGIN_COUNTRY_NAME":"Canada","count":8305}
{"DEST_COUNTRY_NAME":"United States","ORIGIN_COUNTRY_NAME":"French Polynesia","count":38}
{"DEST_COUNTRY_NAME":"United States","ORIGIN_COUNTRY_NAME":"Antigua and Barbuda","count":121}
{"DEST_COUNTRY_NAME":"United States","ORIGIN_COUNTRY_NAME":"Burkina Faso","count":1}
{"DEST_COUNTRY_NAME":"United States","ORIGIN_COUNTRY_NAME":"Latvia","count":13}
{"DEST_COUNTRY_NAME":"United States","ORIGIN_COUNTRY_NAME":"Dominica","count":32}
{"DEST_COUNTRY_NAME":"United States","ORIGIN_COUNTRY_NAME":"Czech Republic","count":22}
{"DEST_COUNTRY_NAME":"United States","ORIGIN_COUNTRY_NAME":"Australia","count":216}
{"DEST_COUNTRY_NAME":"United States","ORIGIN_COUNTRY_NAME":"Cook Islands","count":12}
{"DEST_COUNTRY_NAME":"United States","ORIGIN_COUNTRY_NAME":"Cameroon","count":1}
{"DEST_COUNTRY_NAME":"United States","ORIGIN_COUNTRY_NAME":"Kyrgyzstan","count":12}
{"DEST_COUNTRY_NAME":"United States","ORIGIN_COUNTRY_NAME":"Uruguay","count":24}
{"DEST_COUNTRY_NAME":"United States","ORIGIN_COUNTRY_NAME":"Bermuda","count":180}
{"DEST_COUNTRY_NAME":"United States","ORIGIN_COUNTRY_NAME":"Cuba","count":235}
{"DEST_COUNTRY_NAME":"United States","ORIGIN_COUNTRY_NAME":"Colombia","count":832}
{"DEST_COUNTRY_NAME":"United States","ORIGIN_COUNTRY_NAME":"Qatar","count":40}
{"DEST_COUNTRY_NAME":"United States","ORIGIN_COUNTRY_NAME":"Barbados","count":119}
{"DEST_COUNTRY_NAME":"United States","ORIGIN_COUNTRY_NAME":"Jordan","count":51}
{"DEST_COUNTRY_NAME":"United States","ORIGIN_COUNTRY_NAME":"Cayman Islands","count":251}
{"DEST_COUNTRY_NAME":"United States","ORIGIN_COUNTRY_NAME":"Trinidad and Tobago","count":200}
{"DEST_COUNTRY_NAME":"United States","ORIGIN_COUNTRY_NAME":"Bolivia","count":39}
{"DEST_COUNTRY_NAME":"United States","ORIGIN_COUNTRY_NAME":"Slovakia","count":1}
{"DEST_COUNTRY_NAME":"United States","ORIGIN_COUNTRY_NAME":"Saint Kitts and Nevis","count":127}
{"DEST_COUNTRY_NAME":"United States","ORIGIN_COUNTRY_NAME":"French Guiana","count":1}
{"DEST_COUNTRY_NAME":"United States","ORIGIN_COUNTRY_NAME":"Haiti","count":226}
{"DEST_COUNTRY_NAME":"United States","ORIGIN_COUNTRY_NAME":"Uganda","count":1}
{"DEST_COUNTRY_NAME":"United States","ORIGIN_COUNTRY_NAME":"Saint Martin","count":2}
{"DEST_COUNTRY_NAME":"United States","ORIGIN_COUNTRY_NAME":"Guinea","count":2}
{"DEST_COUNTRY_NAME":"United States","ORIGIN_COUNTRY_NAME":"Croatia","count":1}
{"DEST_COUNTRY_NAME":"United States","ORIGIN_COUNTRY_NAME":"Romania","count":3}
{"DEST_COUNTRY_NAME":"United States","ORIGIN_COUNTRY_NAME":"Ireland","count":268}
{"DEST_COUNTRY_NAME":"United States","ORIGIN_COUNTRY_NAME":"India","count":76}
{"DEST_COUNTRY_NAME":"United States","ORIGIN_COUNTRY_NAME":"Singapore","count":24}
{"DEST_COUNTRY_NAME":"United States","ORIGIN_COUNTRY_NAME":"Grenada","count":59}
{"DEST_COUNTRY_NAME":"United States","ORIGIN_COUNTRY_NAME":"Marshall Islands","count":49}
{"DEST_COUNTRY_NAME":"United States","ORIGIN_COUNTRY_NAME":"Sint Maarten","count":223}
{"DEST_COUNTRY_NAME":"United States","ORIGIN_COUNTRY_NAME":"Paraguay","count":3}
{"DEST_COUNTRY_NAME":"United States","ORIGIN_COUNTRY_NAME":"Gibraltar","count":1}
{"DEST_COUNTRY_NAME":"United States","ORIGIN_COUNTRY_NAME":"Afghanistan","count":3}
{"DEST_COUNTRY_NAME":"United States","ORIGIN_COUNTRY_NAME":"Russia","count":153}
{"DEST_COUNTRY_NAME":"United States","ORIGIN_COUNTRY_NAME":"Federated States of Micronesia","count":54}
{"DEST_COUNTRY_NAME":"United States","ORIGIN_COUNTRY_NAME":"Netherlands","count":622}
{"DEST_COUNTRY_NAME":"United States","ORIGIN_COUNTRY_NAME":"Senegal","count":33}
{"DEST_COUNTRY_NAME":"United States","ORIGIN_COUNTRY_NAME":"Angola","count":12}
{"DEST_COUNTRY_NAME":"United States","ORIGIN_COUNTRY_NAME":"Anguilla","count":20}
{"DEST_COUNTRY_NAME":"United States","ORIGIN_COUNTRY_NAME":"Ecuador","count":351}
{"DEST_COUNTRY_NAME":"United States","ORIGIN_COUNTRY_NAME":"Cyprus","count":1}
{"DEST_COUNTRY_NAME":"United States","ORIGIN_COUNTRY_NAME":"Portugal","count":109}
{"DEST_COUNTRY_NAME":"United States","ORIGIN_COUNTRY_NAME":"Guatemala","count":340}
{"DEST_COUNTRY_NAME":"United States","ORIGIN_COUNTRY_NAME":"Costa Rica","count":526}
{"DEST_COUNTRY_NAME":"United States","ORIGIN_COUNTRY_NAME":"Suriname","count":20}
{"DEST_COUNTRY_NAME":"United States","ORIGIN_COUNTRY_NAME":"Cape Verde","count":19}
{"DEST_COUNTRY_NAME":"United States","ORIGIN_COUNTRY_NAME":"Jamaica","count":695}
{"DEST_COUNTRY_NAME":"United States","ORIGIN_COUNTRY_NAME":"Malaysia","count":1}
{"DEST_COUNTRY_NAME":"United States","ORIGIN_COUNTRY_NAME":"Morocco","count":17}
{"DEST_COUNTRY_NAME":"United States","ORIGIN_COUNTRY_NAME":"Palau","count":41}
{"DEST_COUNTRY_NAME":"United States","ORIGIN_COUNTRY_NAME":"Samoa","count":25}
{"DEST_COUNTRY_NAME":"United States","ORIGIN_COUNTRY_NAME":"Algeria","count":1}
{"DEST_COUNTRY_NAME":"United States","ORIGIN_COUNTRY_NAME":"Venezuela","count":352}
{"DEST_COUNTRY_NAME":"United States","ORIGIN_COUNTRY_NAME":"Finland","count":32}
{"DEST_COUNTRY_NAME":"United States","ORIGIN_COUNTRY_NAME":"Chile","count":182}
{"DEST_COUNTRY_NAME":"United States","ORIGIN_COUNTRY_NAME":"Greece","count":45}
{"DEST_COUNTRY_NAME":"United States","ORIGIN_COUNTRY_NAME":"The Bahamas","count":888}
{"DEST_COUNTRY_NAME":"United States","ORIGIN_COUNTRY_NAME":"Brunei","count":1}
{"DEST_COUNTRY_NAME":"United States","ORIGIN_COUNTRY_NAME":"Hong Kong","count":317}
{"DEST_COUNTRY_NAME":"United States","ORIGIN_COUNTRY_NAME":"China","count":605}
{"DEST_COUNTRY_NAME":"United States","ORIGIN_COUNTRY_NAME":"Kuwait","count":27}
{"DEST_COUNTRY_NAME":"United States","ORIGIN_COUNTRY_NAME":"Dominican Republic","count":1100}
{"DEST_COUNTRY_NAME":"United States","ORIGIN_COUNTRY_NAME":"Egypt","count":15}
{"DEST_COUNTRY_NAME":"United States","ORIGIN_COUNTRY_NAME":"United States","count":352742}
{"DEST_COUNTRY_NAME":"United States","ORIGIN_COUNTRY_NAME":"Luxembourg","count":170}
{"DEST_COUNTRY_NAME":"United States","ORIGIN_COUNTRY_NAME":"Poland","count":42}
{"DEST_COUNTRY_NAME":"United States","ORIGIN_COUNTRY_NAME":"Saint Barthelemy","count":39}
{"DEST_COUNTRY_NAME":"United States","ORIGIN_COUNTRY_NAME":"Turkey","count":99}
{"DEST_COUNTRY_NAME":"United States","ORIGIN_COUNTRY_NAME":"Azerbaijan","count":3}
{"DEST_COUNTRY_NAME":"United States","ORIGIN_COUNTRY_NAME":"South Korea","count":661}
{"DEST_COUNTRY_NAME":"United States","ORIGIN_COUNTRY_NAME":"El Salvador","count":443}
{"DEST_COUNTRY_NAME":"United States","ORIGIN_COUNTRY_NAME":"Hungary","count":17}
{"DEST_COUNTRY_NAME":"United States","ORIGIN_COUNTRY_NAME":"Panama","count":380}
{"DEST_COUNTRY_NAME":"United States","ORIGIN_COUNTRY_NAME":"Ethiopia","count":12}
{"DEST_COUNTRY_NAME":"United States","ORIGIN_COUNTRY_NAME":"Thailand","count":14}
{"DEST_COUNTRY_NAME":"United States","ORIGIN_COUNTRY_NAME":"Aruba","count":332}
{"DEST_COUNTRY_NAME":"United States","ORIGIN_COUNTRY_NAME":"Turks and Caicos Islands","count":177}
{"DEST_COUNTRY_NAME":"United States","ORIGIN_COUNTRY_NAME":"Pakistan","count":24}
{"DEST_COUNTRY_NAME":"United States","ORIGIN_COUNTRY_NAME":"Honduras","count":388}
{"DEST_COUNTRY_NAME":"United States","ORIGIN_COUNTRY_NAME":"Malta","count":3}
{"DEST_COUNTRY_NAME":"United States","ORIGIN_COUNTRY_NAME":"Lithuania","count":1}
{"DEST_COUNTRY_NAME":"United States","ORIGIN_COUNTRY_NAME":"Saint Vincent and the Grenadines","count":17}
{"DEST_COUNTRY_NAME":"United States","ORIGIN_COUNTRY_NAME":"Ukraine","count":15}
{"DEST_COUNTRY_NAME":"United States","ORIGIN_COUNTRY_NAME":"Guadeloupe","count":31}
{"DEST_COUNTRY_NAME":"United States","ORIGIN_COUNTRY_NAME":"France","count":914}
{"DEST_COUNTRY_NAME":"United States","ORIGIN_COUNTRY_NAME":"Norway","count":33}
{"DEST_COUNTRY_NAME":"United States","ORIGIN_COUNTRY_NAME":"Kiribati","count":28}
{"DEST_COUNTRY_NAME":"United States","ORIGIN_COUNTRY_NAME":"Germany","count":1480}
{"DEST_COUNTRY_NAME":"United States","ORIGIN_COUNTRY_NAME":"New Zealand","count":77}
{"DEST_COUNTRY_NAME":"United States","ORIGIN_COUNTRY_NAME":"Mexico","count":6000}
{"DEST_COUNTRY_NAME":"United States","ORIGIN_COUNTRY_NAME":"Sweden","count":68}
{"DEST_COUNTRY_NAME":"United States","ORIGIN_COUNTRY_NAME":"Martinique","count":20}
{"DEST_COUNTRY_NAME":"United States","ORIGIN_COUNTRY_NAME":"United Arab Emirates","count":142}
{"DEST_COUNTRY_NAME":"United States","ORIGIN_COUNTRY_NAME":"Philippines","count":109}
{"DEST_COUNTRY_NAME":"United States","ORIGIN_COUNTRY_NAME":"Nicaragua","count":173}
{"DEST_COUNTRY_NAME":"United States","ORIGIN_COUNTRY_NAME":"Georgia","count":1}
{"DEST_COUNTRY_NAME":"United States","ORIGIN_COUNTRY_NAME":"Belgium","count":369}
{"DEST_COUNTRY_NAME":"United States","ORIGIN_COUNTRY_NAME":"Argentina","count":152}
{"DEST_COUNTRY_NAME":"United States","ORIGIN_COUNTRY_NAME":"Iceland","count":138}
{"DEST_COUNTRY_NAME":"United States","ORIGIN_COUNTRY_NAME":"Austria","count":34}
{"DEST_COUNTRY_NAME":"United States","ORIGIN_COUNTRY_NAME":"Nigeria","count":26}
{"DEST_COUNTRY_NAME":"United States","ORIGIN_COUNTRY_NAME":"Bonaire, Sint Eustatius, and Saba","count":49}
{"DEST_COUNTRY_NAME":"United States","ORIGIN_COUNTRY_NAME":"Israel","count":126}
{"DEST_COUNTRY_NAME":"United States","ORIGIN_COUNTRY_NAME":"Saint Lucia","count":102}
{"DEST_COUNTRY_NAME":"United States","ORIGIN_COUNTRY_NAME":"Bahrain","count":2}
{"DEST_COUNTRY_NAME":"United States","ORIGIN_COUNTRY_NAME":"British Virgin Islands","count":65}
{"DEST_COUNTRY_NAME":"United States","ORIGIN_COUNTRY_NAME":"Guyana","count":29}
{"DEST_COUNTRY_NAME":"United States","ORIGIN_COUNTRY_NAME":"Denmark","count":103}
{"DEST_COUNTRY_NAME":"United States","ORIGIN_COUNTRY_NAME":"Papua New Guinea","count":1}
{"DEST_COUNTRY_NAME":"United States","ORIGIN_COUNTRY_NAME":"Saudi Arabia","count":77}
{"DEST_COUNTRY_NAME":"United States","ORIGIN_COUNTRY_NAME":"Curacao","count":97}
{"DEST_COUNTRY_NAME":"United States","ORIGIN_COUNTRY_NAME":"Taiwan","count":231}
{"DEST_COUNTRY_NAME":"United States","ORIGIN_COUNTRY_NAME":"South Africa","count":21}
{"DEST_COUNTRY_NAME":"United States","ORIGIN_COUNTRY_NAME":"Greenland","count":2}
{"DEST_COUNTRY_NAME":"United States","ORIGIN_COUNTRY_NAME":"Spain","count":472}
{"DEST_COUNTRY_NAME":"United States","ORIGIN_COUNTRY_NAME":"Italy","count":447}
{"DEST_COUNTRY_NAME":"United States","ORIGIN_COUNTRY_NAME":"Switzerland","count":319}
{"DEST_COUNTRY_NAME":"United States","ORIGIN_COUNTRY_NAME":"Japan","count":1412}
{"DEST_COUNTRY_NAME":"United States","ORIGIN_COUNTRY_NAME":"Brazil","count":575}
{"DEST_COUNTRY_NAME":"United States","ORIGIN_COUNTRY_NAME":"Peru","count":288}
{"DEST_COUNTRY_NAME":"United States","ORIGIN_COUNTRY_NAME":"United Kingdom","count":1649}
{"DEST_COUNTRY_NAME":"United States","ORIGIN_COUNTRY_NAME":"Belize","count":112}
{"DEST_COUNTRY_NAME":"United States","ORIGIN_COUNTRY_NAME":"Ghana","count":39}
{"DEST_COUNTRY_NAME":"United States","ORIGIN_COUNTRY_NAME":"Indonesia","count":1}
{"DEST_COUNTRY_NAME":"United States","ORIGIN_COUNTRY_NAME":"Fiji","count":48}
{"DEST_COUNTRY_NAME":"United States","ORIGIN_COUNTRY_NAME":"Mauritania","count":1}
{"DEST_COUNTRY_NAME":"United States","ORIGIN_COUNTRY_NAME":"Canada","count":8650}
{"DEST_COUNTRY_NAME":"United States","ORIGIN_COUNTRY_NAME":"Antigua and Barbuda","count":152}
{"DEST_COUNTRY_NAME":"United States","ORIGIN_COUNTRY_NAME":"French Polynesia","count":36}
{"DEST_COUNTRY_NAME":"United States","ORIGIN_COUNTRY_NAME":"Latvia","count":12}
{"DEST_COUNTRY_NAME":"United States","ORIGIN_COUNTRY_NAME":"Dominica","count":29}
{"DEST_COUNTRY_NAME":"United States","ORIGIN_COUNTRY_NAME":"Czech Republic","count":25}
{"DEST_COUNTRY_NAME":"United States","ORIGIN_COUNTRY_NAME":"Australia","count":231}
{"DEST_COUNTRY_NAME":"United States","ORIGIN_COUNTRY_NAME":"Cook Islands","count":12}
{"DEST_COUNTRY_NAME":"United States","ORIGIN_COUNTRY_NAME":"Uruguay","count":27}
{"DEST_COUNTRY_NAME":"United States","ORIGIN_COUNTRY_NAME":"Bermuda","count":196}
{"DEST_COUNTRY_NAME":"United States","ORIGIN_COUNTRY_NAME":"Cuba","count":326}
{"DEST_COUNTRY_NAME":"United States","ORIGIN_COUNTRY_NAME":"Colombia","count":777}
{"DEST_COUNTRY_NAME":"United States","ORIGIN_COUNTRY_NAME":"Barbados","count":125}
{"DEST_COUNTRY_NAME":"United States","ORIGIN_COUNTRY_NAME":"Qatar","count":48}
{"DEST_COUNTRY_NAME":"United States","ORIGIN_COUNTRY_NAME":"Cayman Islands","count":262}
{"DEST_COUNTRY_NAME":"United States","ORIGIN_COUNTRY_NAME":"Jordan","count":45}
{"DEST_COUNTRY_NAME":"United States","ORIGIN_COUNTRY_NAME":"Bolivia","count":51}
{"DEST_COUNTRY_NAME":"United States","ORIGIN_COUNTRY_NAME":"Trinidad and Tobago","count":213}
{"DEST_COUNTRY_NAME":"United States","ORIGIN_COUNTRY_NAME":"Saint Kitts and Nevis","count":120}
{"DEST_COUNTRY_NAME":"United States","ORIGIN_COUNTRY_NAME":"French Guiana","count":11}
{"DEST_COUNTRY_NAME":"United States","ORIGIN_COUNTRY_NAME":"Haiti","count":197}
{"DEST_COUNTRY_NAME":"United States","ORIGIN_COUNTRY_NAME":"Romania","count":12}
{"DEST_COUNTRY_NAME":"United States","ORIGIN_COUNTRY_NAME":"Croatia","count":1}
{"DEST_COUNTRY_NAME":"United States","ORIGIN_COUNTRY_NAME":"Ireland","count":266}
{"DEST_COUNTRY_NAME":"United States","ORIGIN_COUNTRY_NAME":"India","count":60}
{"DEST_COUNTRY_NAME":"United States","ORIGIN_COUNTRY_NAME":"Niger","count":1}
{"DEST_COUNTRY_NAME":"United States","ORIGIN_COUNTRY_NAME":"Singapore","count":22}
{"DEST_COUNTRY_NAME":"United States","ORIGIN_COUNTRY_NAME":"Grenada","count":40}
{"DEST_COUNTRY_NAME":"United States","ORIGIN_COUNTRY_NAME":"Sint Maarten","count":260}
{"DEST_COUNTRY_NAME":"United States","ORIGIN_COUNTRY_NAME":"Marshall Islands","count":33}
{"DEST_COUNTRY_NAME":"United States","ORIGIN_COUNTRY_NAME":"Paraguay","count":15}
{"DEST_COUNTRY_NAME":"United States","ORIGIN_COUNTRY_NAME":"Russia","count":167}
{"DEST_COUNTRY_NAME":"United States","ORIGIN_COUNTRY_NAME":"Federated States of Micronesia","count":62}
{"DEST_COUNTRY_NAME":"United States","ORIGIN_COUNTRY_NAME":"Netherlands","count":618}
{"DEST_COUNTRY_NAME":"United States","ORIGIN_COUNTRY_NAME":"Senegal","count":32}
{"DEST_COUNTRY_NAME":"United States","ORIGIN_COUNTRY_NAME":"Angola","count":12}
{"DEST_COUNTRY_NAME":"United States","ORIGIN_COUNTRY_NAME":"Anguilla","count":18}
{"DEST_COUNTRY_NAME":"United States","ORIGIN_COUNTRY_NAME":"Mali","count":1}
{"DEST_COUNTRY_NAME":"United States","ORIGIN_COUNTRY_NAME":"Ecuador","count":307}
{"DEST_COUNTRY_NAME":"United States","ORIGIN_COUNTRY_NAME":"Portugal","count":126}
{"DEST_COUNTRY_NAME":"United States","ORIGIN_COUNTRY_NAME":"Costa Rica","count":549}
{"DEST_COUNTRY_NAME":"United States","ORIGIN_COUNTRY_NAME":"Guatemala","count":331}
{"DEST_COUNTRY_NAME":"United States","ORIGIN_COUNTRY_NAME":"Suriname","count":21}
{"DEST_COUNTRY_NAME":"United States","ORIGIN_COUNTRY_NAME":"Cape Verde","count":15}
{"DEST_COUNTRY_NAME":"United States","ORIGIN_COUNTRY_NAME":"Jamaica","count":599}
{"DEST_COUNTRY_NAME":"United States","ORIGIN_COUNTRY_NAME":"Malaysia","count":1}
{"DEST_COUNTRY_NAME":"United States","ORIGIN_COUNTRY_NAME":"Morocco","count":16}
{"DEST_COUNTRY_NAME":"United States","ORIGIN_COUNTRY_NAME":"Samoa","count":25}
{"DEST_COUNTRY_NAME":"United States","ORIGIN_COUNTRY_NAME":"Palau","count":35}
{"DEST_COUNTRY_NAME":"United States","ORIGIN_COUNTRY_NAME":"Venezuela","count":295}
{"DEST_COUNTRY_NAME":"United States","ORIGIN_COUNTRY_NAME":"Finland","count":15}
{"DEST_COUNTRY_NAME":"United States","ORIGIN_COUNTRY_NAME":"Chile","count":171}
{"DEST_COUNTRY_NAME":"United States","ORIGIN_COUNTRY_NAME":"Greece","count":14}
{"DEST_COUNTRY_NAME":"United States","ORIGIN_COUNTRY_NAME":"The Bahamas","count":897}
{"DEST_COUNTRY_NAME":"United States","ORIGIN_COUNTRY_NAME":"Hong Kong","count":344}
{"DEST_COUNTRY_NAME":"United States","ORIGIN_COUNTRY_NAME":"China","count":614}
{"DEST_COUNTRY_NAME":"United States","ORIGIN_COUNTRY_NAME":"Kuwait","count":24}
{"DEST_COUNTRY_NAME":"United States","ORIGIN_COUNTRY_NAME":"Egypt","count":12}
{"DEST_COUNTRY_NAME":"United States","ORIGIN_COUNTRY_NAME":"Dominican Republic","count":1119}
{"DEST_COUNTRY_NAME":"United States","ORIGIN_COUNTRY_NAME":"United States","count":343132}
{"DEST_COUNTRY_NAME":"United States","ORIGIN_COUNTRY_NAME":"Luxembourg","count":134}
{"DEST_COUNTRY_NAME":"United States","ORIGIN_COUNTRY_NAME":"Poland","count":37}
{"DEST_COUNTRY_NAME":"United States","ORIGIN_COUNTRY_NAME":"Zimbabwe","count":2}
{"DEST_COUNTRY_NAME":"United States","ORIGIN_COUNTRY_NAME":"Saint Barthelemy","count":58}
{"DEST_COUNTRY_NAME":"United States","ORIGIN_COUNTRY_NAME":"Turkey","count":100}
{"DEST_COUNTRY_NAME":"United States","ORIGIN_COUNTRY_NAME":"South Korea","count":687}
{"DEST_COUNTRY_NAME":"United States","ORIGIN_COUNTRY_NAME":"El Salvador","count":466}
{"DEST_COUNTRY_NAME":"United States","ORIGIN_COUNTRY_NAME":"Aruba","count":344}
{"DEST_COUNTRY_NAME":"United States","ORIGIN_COUNTRY_NAME":"Panama","count":419}
{"DEST_COUNTRY_NAME":"United States","ORIGIN_COUNTRY_NAME":"Ethiopia","count":12}
{"DEST_COUNTRY_NAME":"United States","ORIGIN_COUNTRY_NAME":"Turks and Caicos Islands","count":178}
{"DEST_COUNTRY_NAME":"United States","ORIGIN_COUNTRY_NAME":"Pakistan","count":12}
{"DEST_COUNTRY_NAME":"United States","ORIGIN_COUNTRY_NAME":"Honduras","count":392}
{"DEST_COUNTRY_NAME":"United States","ORIGIN_COUNTRY_NAME":"Saint Vincent and the Grenadines","count":10}
{"DEST_COUNTRY_NAME":"United States","ORIGIN_COUNTRY_NAME":"Ukraine","count":4}
{"DEST_COUNTRY_NAME":"United States","ORIGIN_COUNTRY_NAME":"Guadeloupe","count":42}
{"DEST_COUNTRY_NAME":"United States","ORIGIN_COUNTRY_NAME":"France","count":848}
{"DEST_COUNTRY_NAME":"United States","ORIGIN_COUNTRY_NAME":"Norway","count":46}
{"DEST_COUNTRY_NAME":"United States","ORIGIN_COUNTRY_NAME":"Kiribati","count":29}
{"DEST_COUNTRY_NAME":"United States","ORIGIN_COUNTRY_NAME":"Germany","count":1402}
{"DEST_COUNTRY_NAME":"United States","ORIGIN_COUNTRY_NAME":"New Zealand","count":77}
{"DEST_COUNTRY_NAME":"United States","ORIGIN_COUNTRY_NAME":"Cambodia","count":3}
{"DEST_COUNTRY_NAME":"United States","ORIGIN_COUNTRY_NAME":"Mexico","count":6354}
{"DEST_COUNTRY_NAME":"United States","ORIGIN_COUNTRY_NAME":"Sweden","count":73}
{"DEST_COUNTRY_NAME":"United States","ORIGIN_COUNTRY_NAME":"Martinique","count":24}
{"DEST_COUNTRY_NAME":"United States","ORIGIN_COUNTRY_NAME":"United Arab Emirates","count":187}
{"DEST_COUNTRY_NAME":"United States","ORIGIN_COUNTRY_NAME":"Nicaragua","count":185}
{"DEST_COUNTRY_NAME":"United States","ORIGIN_COUNTRY_NAME":"Philippines","count":112}
{"DEST_COUNTRY_NAME":"United States","ORIGIN_COUNTRY_NAME":"Belgium","count":193}
{"DEST_COUNTRY_NAME":"United States","ORIGIN_COUNTRY_NAME":"Iceland","count":151}
{"DEST_COUNTRY_NAME":"United States","ORIGIN_COUNTRY_NAME":"Argentina","count":140}
{"DEST_COUNTRY_NAME":"United States","ORIGIN_COUNTRY_NAME":"Nigeria","count":49}
{"DEST_COUNTRY_NAME":"United States","ORIGIN_COUNTRY_NAME":"Austria","count":39}
{"DEST_COUNTRY_NAME":"United States","ORIGIN_COUNTRY_NAME":"Bonaire, Sint Eustatius, and Saba","count":54}
{"DEST_COUNTRY_NAME":"United States","ORIGIN_COUNTRY_NAME":"Israel","count":107}
{"DEST_COUNTRY_NAME":"United States","ORIGIN_COUNTRY_NAME":"Saint Lucia","count":92}
{"DEST_COUNTRY_NAME":"United States","ORIGIN_COUNTRY_NAME":"Bahrain","count":1}
{"DEST_COUNTRY_NAME":"United States","ORIGIN_COUNTRY_NAME":"British Virgin Islands","count":94}
{"DEST_COUNTRY_NAME":"United States","ORIGIN_COUNTRY_NAME":"Saint Helena, Ascension, and Tristan da Cunha","count":2}
{"DEST_COUNTRY_NAME":"United States","ORIGIN_COUNTRY_NAME":"Denmark","count":106}
{"DEST_COUNTRY_NAME":"United States","ORIGIN_COUNTRY_NAME":"Guyana","count":52}
{"DEST_COUNTRY_NAME":"United States","ORIGIN_COUNTRY_NAME":"Saudi Arabia","count":84}
{"DEST_COUNTRY_NAME":"United States","ORIGIN_COUNTRY_NAME":"Curacao","count":89}
{"DEST_COUNTRY_NAME":"United States","ORIGIN_COUNTRY_NAME":"Taiwan","count":235}
{"DEST_COUNTRY_NAME":"United States","ORIGIN_COUNTRY_NAME":"South Africa","count":26}
{"DEST_COUNTRY_NAME":"United States","ORIGIN_COUNTRY_NAME":"Greenland","count":3}
{"DEST_COUNTRY_NAME":"United States","ORIGIN_COUNTRY_NAME":"Spain","count":377}
{"DEST_COUNTRY_NAME":"United States","ORIGIN_COUNTRY_NAME":"Italy","count":333}
{"DEST_COUNTRY_NAME":"United States","ORIGIN_COUNTRY_NAME":"Switzerland","count":285}
{"DEST_COUNTRY_NAME":"United States","ORIGIN_COUNTRY_NAME":"Japan","count":1476}
{"DEST_COUNTRY_NAME":"United States","ORIGIN_COUNTRY_NAME":"Brazil","count":510}
{"DEST_COUNTRY_NAME":"United States","ORIGIN_COUNTRY_NAME":"Peru","count":300}
{"DEST_COUNTRY_NAME":"United States","ORIGIN_COUNTRY_NAME":"United Kingdom","count":1711}
{"DEST_COUNTRY_NAME":"United States","ORIGIN_COUNTRY_NAME":"Belize","count":127}
{"DEST_COUNTRY_NAME":"United States","ORIGIN_COUNTRY_NAME":"Ghana","count":16}
{"DEST_COUNTRY_NAME":"United States","ORIGIN_COUNTRY_NAME":"Fiji","count":30}
{"DEST_COUNTRY_NAME":"United States","ORIGIN_COUNTRY_NAME":"Canada","count":7983}
{"DEST_COUNTRY_NAME":"United States","ORIGIN_COUNTRY_NAME":"French Polynesia","count":40}
{"DEST_COUNTRY_NAME":"United States","ORIGIN_COUNTRY_NAME":"Antigua and Barbuda","count":123}
{"DEST_COUNTRY_NAME":"United States","ORIGIN_COUNTRY_NAME":"Latvia","count":12}
{"DEST_COUNTRY_NAME":"United States","ORIGIN_COUNTRY_NAME":"Dominica","count":25}
{"DEST_COUNTRY_NAME":"United States","ORIGIN_COUNTRY_NAME":"Czech Republic","count":9}
{"DEST_COUNTRY_NAME":"United States","ORIGIN_COUNTRY_NAME":"Cook Islands","count":12}
{"DEST_COUNTRY_NAME":"United States","ORIGIN_COUNTRY_NAME":"Australia","count":222}
{"DEST_COUNTRY_NAME":"United States","ORIGIN_COUNTRY_NAME":"Uruguay","count":20}
{"DEST_COUNTRY_NAME":"United States","ORIGIN_COUNTRY_NAME":"Bermuda","count":166}
{"DEST_COUNTRY_NAME":"United States","ORIGIN_COUNTRY_NAME":"Cuba","count":336}
{"DEST_COUNTRY_NAME":"United States","ORIGIN_COUNTRY_NAME":"Colombia","count":811}
{"DEST_COUNTRY_NAME":"United States","ORIGIN_COUNTRY_NAME":"Qatar","count":72}
{"DEST_COUNTRY_NAME":"United States","ORIGIN_COUNTRY_NAME":"Barbados","count":78}
{"DEST_COUNTRY_NAME":"United States","ORIGIN_COUNTRY_NAME":"Cayman Islands","count":274}
{"DEST_COUNTRY_NAME":"United States","ORIGIN_COUNTRY_NAME":"Jordan","count":77}
{"DEST_COUNTRY_NAME":"United States","ORIGIN_COUNTRY_NAME":"Trinidad and Tobago","count":184}
{"DEST_COUNTRY_NAME":"United States","ORIGIN_COUNTRY_NAME":"Bolivia","count":13}
{"DEST_COUNTRY_NAME":"United States","ORIGIN_COUNTRY_NAME":"Saint Kitts and Nevis","count":115}
{"DEST_COUNTRY_NAME":"United States","ORIGIN_COUNTRY_NAME":"French Guiana","count":3}
{"DEST_COUNTRY_NAME":"United States","ORIGIN_COUNTRY_NAME":"Haiti","count":186}
{"DEST_COUNTRY_NAME":"United States","ORIGIN_COUNTRY_NAME":"Croatia","count":1}
{"DEST_COUNTRY_NAME":"United States","ORIGIN_COUNTRY_NAME":"Ireland","count":252}
{"DEST_COUNTRY_NAME":"United States","ORIGIN_COUNTRY_NAME":"India","count":62}
{"DEST_COUNTRY_NAME":"United States","ORIGIN_COUNTRY_NAME":"Singapore","count":25}
{"DEST_COUNTRY_NAME":"United States","ORIGIN_COUNTRY_NAME":"Grenada","count":46}
{"DEST_COUNTRY_NAME":"United States","ORIGIN_COUNTRY_NAME":"Marshall Islands","count":30}
{"DEST_COUNTRY_NAME":"United States","ORIGIN_COUNTRY_NAME":"Sint Maarten","count":245}
{"DEST_COUNTRY_NAME":"United States","ORIGIN_COUNTRY_NAME":"Paraguay","count":5}
{"DEST_COUNTRY_NAME":"United States","ORIGIN_COUNTRY_NAME":"Afghanistan","count":5}
{"DEST_COUNTRY_NAME":"United States","ORIGIN_COUNTRY_NAME":"Russia","count":148}
{"DEST_COUNTRY_NAME":"United States","ORIGIN_COUNTRY_NAME":"Federated States of Micronesia","count":63}
{"DEST_COUNTRY_NAME":"United States","ORIGIN_COUNTRY_NAME":"Netherlands","count":607}
{"DEST_COUNTRY_NAME":"United States","ORIGIN_COUNTRY_NAME":"Togo","count":1}
{"DEST_COUNTRY_NAME":"United States","ORIGIN_COUNTRY_NAME":"Senegal","count":33}
{"DEST_COUNTRY_NAME":"United States","ORIGIN_COUNTRY_NAME":"Solomon Islands","count":1}
{"DEST_COUNTRY_NAME":"United States","ORIGIN_COUNTRY_NAME":"Angola","count":12}
{"DEST_COUNTRY_NAME":"United States","ORIGIN_COUNTRY_NAME":"Anguilla","count":19}
{"DEST_COUNTRY_NAME":"United States","ORIGIN_COUNTRY_NAME":"Ecuador","count":321}
{"DEST_COUNTRY_NAME":"United States","ORIGIN_COUNTRY_NAME":"Portugal","count":111}
{"DEST_COUNTRY_NAME":"United States","ORIGIN_COUNTRY_NAME":"Costa Rica","count":555}
{"DEST_COUNTRY_NAME":"United States","ORIGIN_COUNTRY_NAME":"Guatemala","count":345}
{"DEST_COUNTRY_NAME":"United States","ORIGIN_COUNTRY_NAME":"Suriname","count":26}
{"DEST_COUNTRY_NAME":"United States","ORIGIN_COUNTRY_NAME":"The Gambia","count":1}
{"DEST_COUNTRY_NAME":"United States","ORIGIN_COUNTRY_NAME":"Cape Verde","count":18}
{"DEST_COUNTRY_NAME":"United States","ORIGIN_COUNTRY_NAME":"Jamaica","count":610}
{"DEST_COUNTRY_NAME":"United States","ORIGIN_COUNTRY_NAME":"Morocco","count":16}
{"DEST_COUNTRY_NAME":"United States","ORIGIN_COUNTRY_NAME":"Samoa","count":25}
{"DEST_COUNTRY_NAME":"United States","ORIGIN_COUNTRY_NAME":"Palau","count":35}
{"DEST_COUNTRY_NAME":"United States","ORIGIN_COUNTRY_NAME":"Venezuela","count":360}
{"DEST_COUNTRY_NAME":"United States","ORIGIN_COUNTRY_NAME":"Chile","count":201}
{"DEST_COUNTRY_NAME":"United States","ORIGIN_COUNTRY_NAME":"Finland","count":21}
{"DEST_COUNTRY_NAME":"United States","ORIGIN_COUNTRY_NAME":"Greece","count":21}
{"DEST_COUNTRY_NAME":"United States","ORIGIN_COUNTRY_NAME":"The Bahamas","count":1054}
{"DEST_COUNTRY_NAME":"United States","ORIGIN_COUNTRY_NAME":"Hong Kong","count":331}
{"DEST_COUNTRY_NAME":"United States","ORIGIN_COUNTRY_NAME":"Tunisia","count":1}
{"DEST_COUNTRY_NAME":"United States","ORIGIN_COUNTRY_NAME":"China","count":610}
{"DEST_COUNTRY_NAME":"United States","ORIGIN_COUNTRY_NAME":"Kuwait","count":28}
{"DEST_COUNTRY_NAME":"United States","ORIGIN_COUNTRY_NAME":"Dominican Republic","count":1123}
{"DEST_COUNTRY_NAME":"United States","ORIGIN_COUNTRY_NAME":"Egypt","count":12}
{"DEST_COUNTRY_NAME":"United States","ORIGIN_COUNTRY_NAME":"United States","count":347452}
{"DEST_COUNTRY_NAME":"United States","ORIGIN_COUNTRY_NAME":"Luxembourg","count":123}
{"DEST_COUNTRY_NAME":"United States","ORIGIN_COUNTRY_NAME":"Poland","count":40}
{"DEST_COUNTRY_NAME":"United States","ORIGIN_COUNTRY_NAME":"Saint Barthelemy","count":49}
{"DEST_COUNTRY_NAME":"United States","ORIGIN_COUNTRY_NAME":"Azerbaijan","count":1}
{"DEST_COUNTRY_NAME":"United States","ORIGIN_COUNTRY_NAME":"Turkey","count":89}
{"DEST_COUNTRY_NAME":"United States","ORIGIN_COUNTRY_NAME":"South Korea","count":703}
{"DEST_COUNTRY_NAME":"United States","ORIGIN_COUNTRY_NAME":"El Salvador","count":465}
{"DEST_COUNTRY_NAME":"United States","ORIGIN_COUNTRY_NAME":"Panama","count":393}
{"DEST_COUNTRY_NAME":"United States","ORIGIN_COUNTRY_NAME":"Ethiopia","count":12}
{"DEST_COUNTRY_NAME":"United States","ORIGIN_COUNTRY_NAME":"Thailand","count":6}
{"DEST_COUNTRY_NAME":"United States","ORIGIN_COUNTRY_NAME":"Aruba","count":332}
{"DEST_COUNTRY_NAME":"United States","ORIGIN_COUNTRY_NAME":"Turks and Caicos Islands","count":183}
{"DEST_COUNTRY_NAME":"United States","ORIGIN_COUNTRY_NAME":"Pakistan","count":16}
{"DEST_COUNTRY_NAME":"United States","ORIGIN_COUNTRY_NAME":"Honduras","count":372}
{"DEST_COUNTRY_NAME":"United States","ORIGIN_COUNTRY_NAME":"Saint Vincent and the Grenadines","count":11}
{"DEST_COUNTRY_NAME":"United States","ORIGIN_COUNTRY_NAME":"Ukraine","count":13}
{"DEST_COUNTRY_NAME":"United States","ORIGIN_COUNTRY_NAME":"Guadeloupe","count":34}
{"DEST_COUNTRY_NAME":"United States","ORIGIN_COUNTRY_NAME":"France","count":840}
{"DEST_COUNTRY_NAME":"United States","ORIGIN_COUNTRY_NAME":"Norway","count":33}
{"DEST_COUNTRY_NAME":"United States","ORIGIN_COUNTRY_NAME":"Kiribati","count":26}
{"DEST_COUNTRY_NAME":"United States","ORIGIN_COUNTRY_NAME":"Germany","count":1413}
{"DEST_COUNTRY_NAME":"United States","ORIGIN_COUNTRY_NAME":"New Zealand","count":65}
{"DEST_COUNTRY_NAME":"United States","ORIGIN_COUNTRY_NAME":"Cambodia","count":1}
{"DEST_COUNTRY_NAME":"United States","ORIGIN_COUNTRY_NAME":"Mexico","count":5974}
{"DEST_COUNTRY_NAME":"United States","ORIGIN_COUNTRY_NAME":"Sweden","count":54}
{"DEST_COUNTRY_NAME":"United States","ORIGIN_COUNTRY_NAME":"Martinique","count":17}
{"DEST_COUNTRY_NAME":"United States","ORIGIN_COUNTRY_NAME":"United Arab Emirates","count":176}
{"DEST_COUNTRY_NAME":"United States","ORIGIN_COUNTRY_NAME":"Philippines","count":112}
{"DEST_COUNTRY_NAME":"United States","ORIGIN_COUNTRY_NAME":"Nicaragua","count":183}
{"DEST_COUNTRY_NAME":"United States","ORIGIN_COUNTRY_NAME":"Belgium","count":275}
{"DEST_COUNTRY_NAME":"United States","ORIGIN_COUNTRY_NAME":"Argentina","count":170}
{"DEST_COUNTRY_NAME":"United States","ORIGIN_COUNTRY_NAME":"Iceland","count":150}
{"DEST_COUNTRY_NAME":"United States","ORIGIN_COUNTRY_NAME":"Austria","count":31}
{"DEST_COUNTRY_NAME":"United States","ORIGIN_COUNTRY_NAME":"Nigeria","count":44}
{"DEST_COUNTRY_NAME":"United States","ORIGIN_COUNTRY_NAME":"Bonaire, Sint Eustatius, and Saba","count":44}
{"DEST_COUNTRY_NAME":"United States","ORIGIN_COUNTRY_NAME":"Bahrain","count":2}
{"DEST_COUNTRY_NAME":"United States","ORIGIN_COUNTRY_NAME":"Israel","count":117}
{"DEST_COUNTRY_NAME":"United States","ORIGIN_COUNTRY_NAME":"Saint Lucia","count":84}
{"DEST_COUNTRY_NAME":"United States","ORIGIN_COUNTRY_NAME":"British Virgin Islands","count":78}
{"DEST_COUNTRY_NAME":"United States","ORIGIN_COUNTRY_NAME":"Guyana","count":79}
{"DEST_COUNTRY_NAME":"United States","ORIGIN_COUNTRY_NAME":"Denmark","count":82}
{"DEST_COUNTRY_NAME":"United States","ORIGIN_COUNTRY_NAME":"Papua New Guinea","count":2}
{"DEST_COUNTRY_NAME":"United States","ORIGIN_COUNTRY_NAME":"Saudi Arabia","count":70}
{"DEST_COUNTRY_NAME":"United States","ORIGIN_COUNTRY_NAME":"Curacao","count":96}
{"DEST_COUNTRY_NAME":"United States","ORIGIN_COUNTRY_NAME":"Taiwan","count":214}
{"DEST_COUNTRY_NAME":"United States","ORIGIN_COUNTRY_NAME":"South Africa","count":29}
{"DEST_COUNTRY_NAME":"United States","ORIGIN_COUNTRY_NAME":"Greenland","count":1}
{"DEST_COUNTRY_NAME":"United States","ORIGIN_COUNTRY_NAME":"Spain","count":393}
{"DEST_COUNTRY_NAME":"United States","ORIGIN_COUNTRY_NAME":"Italy","count":377}
{"DEST_COUNTRY_NAME":"United States","ORIGIN_COUNTRY_NAME":"Switzerland","count":282}
{"DEST_COUNTRY_NAME":"United States","ORIGIN_COUNTRY_NAME":"Japan","count":1451}
{"DEST_COUNTRY_NAME":"United States","ORIGIN_COUNTRY_NAME":"Brazil","count":567}
{"DEST_COUNTRY_NAME":"United States","ORIGIN_COUNTRY_NAME":"Peru","count":292}
{"DEST_COUNTRY_NAME":"United States","ORIGIN_COUNTRY_NAME":"United Kingdom","count":1713}
{"DEST_COUNTRY_NAME":"United States","ORIGIN_COUNTRY_NAME":"Belize","count":108}
{"DEST_COUNTRY_NAME":"United States","ORIGIN_COUNTRY_NAME":"Ghana","count":31}
{"DEST_COUNTRY_NAME":"United States","ORIGIN_COUNTRY_NAME":"Fiji","count":26}
{"DEST_COUNTRY_NAME":"United States","ORIGIN_COUNTRY_NAME":"Canada","count":8097}
{"DEST_COUNTRY_NAME":"United States","ORIGIN_COUNTRY_NAME":"French Polynesia","count":38}
{"DEST_COUNTRY_NAME":"United States","ORIGIN_COUNTRY_NAME":"Antigua and Barbuda","count":146}
{"DEST_COUNTRY_NAME":"United States","ORIGIN_COUNTRY_NAME":"Latvia","count":14}
{"DEST_COUNTRY_NAME":"United States","ORIGIN_COUNTRY_NAME":"Dominica","count":25}
{"DEST_COUNTRY_NAME":"United States","ORIGIN_COUNTRY_NAME":"Czech Republic","count":13}
{"DEST_COUNTRY_NAME":"United States","ORIGIN_COUNTRY_NAME":"Australia","count":211}
{"DEST_COUNTRY_NAME":"United States","ORIGIN_COUNTRY_NAME":"Cook Islands","count":12}
{"DEST_COUNTRY_NAME":"United States","ORIGIN_COUNTRY_NAME":"Equatorial Guinea","count":4}
{"DEST_COUNTRY_NAME":"United States","ORIGIN_COUNTRY_NAME":"Uruguay","count":17}
{"DEST_COUNTRY_NAME":"United States","ORIGIN_COUNTRY_NAME":"Bermuda","count":194}
{"DEST_COUNTRY_NAME":"United States","ORIGIN_COUNTRY_NAME":"Cuba","count":341}
{"DEST_COUNTRY_NAME":"United States","ORIGIN_COUNTRY_NAME":"Colombia","count":806}
{"DEST_COUNTRY_NAME":"United States","ORIGIN_COUNTRY_NAME":"Barbados","count":109}
{"DEST_COUNTRY_NAME":"United States","ORIGIN_COUNTRY_NAME":"Qatar","count":56}
{"DEST_COUNTRY_NAME":"United States","ORIGIN_COUNTRY_NAME":"Cayman Islands","count":247}
{"DEST_COUNTRY_NAME":"United States","ORIGIN_COUNTRY_NAME":"Jordan","count":43}
{"DEST_COUNTRY_NAME":"United States","ORIGIN_COUNTRY_NAME":"Trinidad and Tobago","count":213}
{"DEST_COUNTRY_NAME":"United States","ORIGIN_COUNTRY_NAME":"Bolivia","count":21}
{"DEST_COUNTRY_NAME":"United States","ORIGIN_COUNTRY_NAME":"Saint Kitts and Nevis","count":124}
{"DEST_COUNTRY_NAME":"United States","ORIGIN_COUNTRY_NAME":"French Guiana","count":1}
{"DEST_COUNTRY_NAME":"United States","ORIGIN_COUNTRY_NAME":"Haiti","count":234}
{"DEST_COUNTRY_NAME":"United States","ORIGIN_COUNTRY_NAME":"Saint Martin","count":1}
{"DEST_COUNTRY_NAME":"United States","ORIGIN_COUNTRY_NAME":"Romania","count":12}
{"DEST_COUNTRY_NAME":"United States","ORIGIN_COUNTRY_NAME":"Croatia","count":2}
{"DEST_COUNTRY_NAME":"United States","ORIGIN_COUNTRY_NAME":"Ireland","count":291}
{"DEST_COUNTRY_NAME":"United States","ORIGIN_COUNTRY_NAME":"India","count":62}
{"DEST_COUNTRY_NAME":"United States","ORIGIN_COUNTRY_NAME":"Grenada","count":47}
{"DEST_COUNTRY_NAME":"United States","ORIGIN_COUNTRY_NAME":"Sint Maarten","count":290}
{"DEST_COUNTRY_NAME":"United States","ORIGIN_COUNTRY_NAME":"Marshall Islands","count":35}
{"DEST_COUNTRY_NAME":"United States","ORIGIN_COUNTRY_NAME":"Paraguay","count":14}
{"DEST_COUNTRY_NAME":"United States","ORIGIN_COUNTRY_NAME":"Russia","count":151}
{"DEST_COUNTRY_NAME":"United States","ORIGIN_COUNTRY_NAME":"Federated States of Micronesia","count":71}
{"DEST_COUNTRY_NAME":"United States","ORIGIN_COUNTRY_NAME":"Netherlands","count":702}
{"DEST_COUNTRY_NAME":"United States","ORIGIN_COUNTRY_NAME":"Senegal","count":28}
{"DEST_COUNTRY_NAME":"United States","ORIGIN_COUNTRY_NAME":"Angola","count":12}
{"DEST_COUNTRY_NAME":"United States","ORIGIN_COUNTRY_NAME":"Anguilla","count":35}
{"DEST_COUNTRY_NAME":"United States","ORIGIN_COUNTRY_NAME":"Congo (Brazaville)","count":1}
{"DEST_COUNTRY_NAME":"United States","ORIGIN_COUNTRY_NAME":"Ecuador","count":326}
{"DEST_COUNTRY_NAME":"United States","ORIGIN_COUNTRY_NAME":"Portugal","count":122}
{"DEST_COUNTRY_NAME":"United States","ORIGIN_COUNTRY_NAME":"Guatemala","count":327}
{"DEST_COUNTRY_NAME":"United States","ORIGIN_COUNTRY_NAME":"Costa Rica","count":560}
{"DEST_COUNTRY_NAME":"United States","ORIGIN_COUNTRY_NAME":"Suriname","count":27}
{"DEST_COUNTRY_NAME":"United States","ORIGIN_COUNTRY_NAME":"Cape Verde","count":16}
{"DEST_COUNTRY_NAME":"United States","ORIGIN_COUNTRY_NAME":"Jamaica","count":714}
{"DEST_COUNTRY_NAME":"United States","ORIGIN_COUNTRY_NAME":"Morocco","count":15}
{"DEST_COUNTRY_NAME":"United States","ORIGIN_COUNTRY_NAME":"Samoa","count":25}
{"DEST_COUNTRY_NAME":"United States","ORIGIN_COUNTRY_NAME":"Palau","count":38}
{"DEST_COUNTRY_NAME":"United States","ORIGIN_COUNTRY_NAME":"Venezuela","count":258}
{"DEST_COUNTRY_NAME":"United States","ORIGIN_COUNTRY_NAME":"Chile","count":168}
{"DEST_COUNTRY_NAME":"United States","ORIGIN_COUNTRY_NAME":"Finland","count":19}
{"DEST_COUNTRY_NAME":"United States","ORIGIN_COUNTRY_NAME":"Greece","count":19}
{"DEST_COUNTRY_NAME":"United States","ORIGIN_COUNTRY_NAME":"The Bahamas","count":991}
{"DEST_COUNTRY_NAME":"United States","ORIGIN_COUNTRY_NAME":"Hong Kong","count":381}
{"DEST_COUNTRY_NAME":"United States","ORIGIN_COUNTRY_NAME":"Tunisia","count":1}
{"DEST_COUNTRY_NAME":"United States","ORIGIN_COUNTRY_NAME":"China","count":767}
{"DEST_COUNTRY_NAME":"United States","ORIGIN_COUNTRY_NAME":"Kuwait","count":24}
{"DEST_COUNTRY_NAME":"United States","ORIGIN_COUNTRY_NAME":"Dominican Republic","count":1282}
{"DEST_COUNTRY_NAME":"United States","ORIGIN_COUNTRY_NAME":"Egypt","count":11}
{"DEST_COUNTRY_NAME":"United States","ORIGIN_COUNTRY_NAME":"United States","count":358354}
{"DEST_COUNTRY_NAME":"United States","ORIGIN_COUNTRY_NAME":"Luxembourg","count":115}
{"DEST_COUNTRY_NAME":"United States","ORIGIN_COUNTRY_NAME":"Poland","count":33}
{"DEST_COUNTRY_NAME":"United States","ORIGIN_COUNTRY_NAME":"Saint Barthelemy","count":53}
{"DEST_COUNTRY_NAME":"United States","ORIGIN_COUNTRY_NAME":"Turkey","count":92}
{"DEST_COUNTRY_NAME":"United States","ORIGIN_COUNTRY_NAME":"Kazakhstan","count":1}
{"DEST_COUNTRY_NAME":"United States","ORIGIN_COUNTRY_NAME":"Azerbaijan","count":5}
{"DEST_COUNTRY_NAME":"United States","ORIGIN_COUNTRY_NAME":"South Korea","count":754}
{"DEST_COUNTRY_NAME":"United States","ORIGIN_COUNTRY_NAME":"El Salvador","count":486}
{"DEST_COUNTRY_NAME":"United States","ORIGIN_COUNTRY_NAME":"Hungary","count":1}
{"DEST_COUNTRY_NAME":"United States","ORIGIN_COUNTRY_NAME":"Panama","count":460}
{"DEST_COUNTRY_NAME":"United States","ORIGIN_COUNTRY_NAME":"Aruba","count":348}
{"DEST_COUNTRY_NAME":"United States","ORIGIN_COUNTRY_NAME":"Ethiopia","count":11}
{"DEST_COUNTRY_NAME":"United States","ORIGIN_COUNTRY_NAME":"Turks and Caicos Islands","count":204}
{"DEST_COUNTRY_NAME":"United States","ORIGIN_COUNTRY_NAME":"Pakistan","count":12}
{"DEST_COUNTRY_NAME":"United States","ORIGIN_COUNTRY_NAME":"Honduras","count":412}
{"DEST_COUNTRY_NAME":"United States","ORIGIN_COUNTRY_NAME":"Malta","count":2}
{"DEST_COUNTRY_NAME":"United States","ORIGIN_COUNTRY_NAME":"Saint Vincent and the Grenadines","count":3}
{"DEST_COUNTRY_NAME":"United States","ORIGIN_COUNTRY_NAME":"Ukraine","count":1}
{"DEST_COUNTRY_NAME":"United States","ORIGIN_COUNTRY_NAME":"Guadeloupe","count":47}
{"DEST_COUNTRY_NAME":"United States","ORIGIN_COUNTRY_NAME":"France","count":960}
{"DEST_COUNTRY_NAME":"United States","ORIGIN_COUNTRY_NAME":"Norway","count":87}
{"DEST_COUNTRY_NAME":"United States","ORIGIN_COUNTRY_NAME":"Kiribati","count":27}
{"DEST_COUNTRY_NAME":"United States","ORIGIN_COUNTRY_NAME":"Germany","count":1343}
{"DEST_COUNTRY_NAME":"United States","ORIGIN_COUNTRY_NAME":"New Zealand","count":77}
{"DEST_COUNTRY_NAME":"United States","ORIGIN_COUNTRY_NAME":"Cambodia","count":1}
{"DEST_COUNTRY_NAME":"United States","ORIGIN_COUNTRY_NAME":"Mexico","count":6490}
{"DEST_COUNTRY_NAME":"United States","ORIGIN_COUNTRY_NAME":"Sweden","count":101}
{"DEST_COUNTRY_NAME":"United States","ORIGIN_COUNTRY_NAME":"Martinique","count":32}
{"DEST_COUNTRY_NAME":"United States","ORIGIN_COUNTRY_NAME":"United Arab Emirates","count":226}
{"DEST_COUNTRY_NAME":"United States","ORIGIN_COUNTRY_NAME":"Bulgaria","count":1}
{"DEST_COUNTRY_NAME":"United States","ORIGIN_COUNTRY_NAME":"Nicaragua","count":170}
{"DEST_COUNTRY_NAME":"United States","ORIGIN_COUNTRY_NAME":"Philippines","count":116}
{"DEST_COUNTRY_NAME":"United States","ORIGIN_COUNTRY_NAME":"Belgium","count":230}
{"DEST_COUNTRY_NAME":"United States","ORIGIN_COUNTRY_NAME":"Argentina","count":153}
{"DEST_COUNTRY_NAME":"United States","ORIGIN_COUNTRY_NAME":"Iceland","count":177}
{"DEST_COUNTRY_NAME":"United States","ORIGIN_COUNTRY_NAME":"Nigeria","count":43}
{"DEST_COUNTRY_NAME":"United States","ORIGIN_COUNTRY_NAME":"Austria","count":46}
{"DEST_COUNTRY_NAME":"United States","ORIGIN_COUNTRY_NAME":"Bonaire, Sint Eustatius, and Saba","count":63}
{"DEST_COUNTRY_NAME":"United States","ORIGIN_COUNTRY_NAME":"Israel","count":112}
{"DEST_COUNTRY_NAME":"United States","ORIGIN_COUNTRY_NAME":"Saint Lucia","count":109}
{"DEST_COUNTRY_NAME":"United States","ORIGIN_COUNTRY_NAME":"British Virgin Islands","count":101}
{"DEST_COUNTRY_NAME":"United States","ORIGIN_COUNTRY_NAME":"Denmark","count":116}
{"DEST_COUNTRY_NAME":"United States","ORIGIN_COUNTRY_NAME":"Guyana","count":55}
{"DEST_COUNTRY_NAME":"United States","ORIGIN_COUNTRY_NAME":"Saudi Arabia","count":74}
{"DEST_COUNTRY_NAME":"United States","ORIGIN_COUNTRY_NAME":"Curacao","count":77}
{"DEST_COUNTRY_NAME":"United States","ORIGIN_COUNTRY_NAME":"Taiwan","count":240}
{"DEST_COUNTRY_NAME":"United States","ORIGIN_COUNTRY_NAME":"South Africa","count":32}
{"DEST_COUNTRY_NAME":"United States","ORIGIN_COUNTRY_NAME":"Greenland","count":1}
{"DEST_COUNTRY_NAME":"United States","ORIGIN_COUNTRY_NAME":"Spain","count":424}
{"DEST_COUNTRY_NAME":"United States","ORIGIN_COUNTRY_NAME":"Italy","count":385}
{"DEST_COUNTRY_NAME":"United States","ORIGIN_COUNTRY_NAME":"Switzerland","count":300}
{"DEST_COUNTRY_NAME":"United States","ORIGIN_COUNTRY_NAME":"Japan","count":1501}
{"DEST_COUNTRY_NAME":"United States","ORIGIN_COUNTRY_NAME":"Brazil","count":578}
{"DEST_COUNTRY_NAME":"United States","ORIGIN_COUNTRY_NAME":"Peru","count":315}
{"DEST_COUNTRY_NAME":"United States","ORIGIN_COUNTRY_NAME":"United Kingdom","count":1812}
{"DEST_COUNTRY_NAME":"United States","ORIGIN_COUNTRY_NAME":"Belize","count":143}
{"DEST_COUNTRY_NAME":"United States","ORIGIN_COUNTRY_NAME":"Ghana","count":15}
{"DEST_COUNTRY_NAME":"United States","ORIGIN_COUNTRY_NAME":"Indonesia","count":1}
{"DEST_COUNTRY_NAME":"United States","ORIGIN_COUNTRY_NAME":"Fiji","count":27}
{"DEST_COUNTRY_NAME":"United States","ORIGIN_COUNTRY_NAME":"Canada","count":8177}
{"DEST_COUNTRY_NAME":"United States","ORIGIN_COUNTRY_NAME":"Antigua and Barbuda","count":112}
{"DEST_COUNTRY_NAME":"United States","ORIGIN_COUNTRY_NAME":"French Polynesia","count":40}
{"DEST_COUNTRY_NAME":"United States","ORIGIN_COUNTRY_NAME":"Latvia","count":13}
{"DEST_COUNTRY_NAME":"United States","ORIGIN_COUNTRY_NAME":"Dominica","count":36}
{"DEST_COUNTRY_NAME":"United States","ORIGIN_COUNTRY_NAME":"Czech Republic","count":11}
{"DEST_COUNTRY_NAME":"United States","ORIGIN_COUNTRY_NAME":"Cook Islands","count":12}
{"DEST_COUNTRY_NAME":"United States","ORIGIN_COUNTRY_NAME":"Australia","count":235}
{"DEST_COUNTRY_NAME":"United States","ORIGIN_COUNTRY_NAME":"Uruguay","count":18}
{"DEST_COUNTRY_NAME":"United States","ORIGIN_COUNTRY_NAME":"Bermuda","count":190}
{"DEST_COUNTRY_NAME":"United States","ORIGIN_COUNTRY_NAME":"Cuba","count":419}
{"DEST_COUNTRY_NAME":"United States","ORIGIN_COUNTRY_NAME":"Qatar","count":96}
{"DEST_COUNTRY_NAME":"United States","ORIGIN_COUNTRY_NAME":"Colombia","count":888}
{"DEST_COUNTRY_NAME":"United States","ORIGIN_COUNTRY_NAME":"Barbados","count":89}
{"DEST_COUNTRY_NAME":"United States","ORIGIN_COUNTRY_NAME":"Cayman Islands","count":278}
{"DEST_COUNTRY_NAME":"United States","ORIGIN_COUNTRY_NAME":"Jordan","count":64}
{"DEST_COUNTRY_NAME":"United States","ORIGIN_COUNTRY_NAME":"Trinidad and Tobago","count":175}
{"DEST_COUNTRY_NAME":"United States","ORIGIN_COUNTRY_NAME":"Bolivia","count":14}
{"DEST_COUNTRY_NAME":"United States","ORIGIN_COUNTRY_NAME":"French Guiana","count":4}
{"DEST_COUNTRY_NAME":"United States","ORIGIN_COUNTRY_NAME":"Saint Kitts and Nevis","count":123}
{"DEST_COUNTRY_NAME":"United States","ORIGIN_COUNTRY_NAME":"Haiti","count":193}
